ID,target_income
25000,0
25001,0
25002,0
25003,0
25004,1
25005,1
25006,0
25007,0
25008,0
25009,0
25010,0
25011,0
25012,0
25013,0
25014,0
25015,0
25016,1
25017,0
25018,0
25019,0
25020,1
25021,0
25022,1
25023,1
25024,0
25025,0
25026,0
25027,0
25028,0
25029,1
25030,0
25031,1
25032,1
25033,0
25034,1
25035,0
25036,0
25037,0
25038,0
25039,0
25040,0
25041,0
25042,0
25043,0
25044,0
25045,1
25046,0
25047,0
25048,0
25049,1
25050,0
25051,1
25052,1
25053,0
25054,0
25055,0
25056,0
25057,1
25058,0
25059,0
25060,1
25061,0
25062,0
25063,0
25064,0
25065,1
25066,1
25067,1
25068,0
25069,0
25070,0
25071,1
25072,0
25073,0
25074,1
25075,0
25076,0
25077,0
25078,0
25079,0
25080,0
25081,0
25082,0
25083,0
25084,0
25085,0
25086,0
25087,0
25088,0
25089,0
25090,0
25091,0
25092,0
25093,0
25094,0
25095,0
25096,0
25097,0
25098,0
25099,0
25100,1
25101,1
25102,1
25103,0
25104,0
25105,0
25106,0
25107,1
25108,0
25109,0
25110,0
25111,1
25112,0
25113,0
25114,1
25115,0
25116,0
25117,0
25118,0
25119,0
25120,0
25121,0
25122,0
25123,0
25124,0
25125,0
25126,1
25127,0
25128,0
25129,0
25130,0
25131,0
25132,0
25133,0
25134,0
25135,0
25136,0
25137,1
25138,0
25139,1
25140,0
25141,1
25142,0
25143,1
25144,0
25145,0
25146,0
25147,1
25148,0
25149,1
25150,0
25151,0
25152,0
25153,0
25154,0
25155,0
25156,0
25157,0
25158,0
25159,1
25160,1
25161,0
25162,1
25163,0
25164,0
25165,0
25166,0
25167,1
25168,0
25169,0
25170,0
25171,0
25172,0
25173,0
25174,0
25175,0
25176,0
25177,0
25178,1
25179,0
25180,0
25181,0
25182,0
25183,0
25184,0
25185,0
25186,1
25187,0
25188,0
25189,1
25190,0
25191,0
25192,0
25193,0
25194,0
25195,0
25196,1
25197,0
25198,0
25199,0
25200,0
25201,0
25202,0
25203,1
25204,0
25205,0
25206,1
25207,0
25208,0
25209,1
25210,1
25211,0
25212,0
25213,0
25214,0
25215,1
25216,0
25217,0
25218,0
25219,0
25220,0
25221,1
25222,0
25223,0
25224,0
25225,1
25226,1
25227,0
25228,0
25229,0
25230,0
25231,0
25232,0
25233,0
25234,0
25235,0
25236,0
25237,0
25238,0
25239,0
25240,0
25241,0
25242,0
25243,0
25244,0
25245,0
25246,0
25247,0
25248,1
25249,0
25250,0
25251,1
25252,0
25253,0
25254,0
25255,0
25256,0
25257,0
25258,0
25259,1
25260,0
25261,0
25262,0
25263,0
25264,0
25265,0
25266,0
25267,0
25268,0
25269,0
25270,1
25271,1
25272,0
25273,1
25274,1
25275,0
25276,1
25277,0
25278,1
25279,0
25280,0
25281,1
25282,0
25283,1
25284,0
25285,0
25286,0
25287,0
25288,0
25289,1
25290,1
25291,0
25292,0
25293,0
25294,0
25295,0
25296,0
25297,0
25298,0
25299,0
25300,0
25301,1
25302,0
25303,0
25304,1
25305,0
25306,0
25307,0
25308,0
25309,0
25310,0
25311,0
25312,0
25313,0
25314,0
25315,0
25316,0
25317,0
25318,0
25319,1
25320,1
25321,0
25322,0
25323,1
25324,0
25325,0
25326,0
25327,0
25328,0
25329,0
25330,0
25331,0
25332,0
25333,0
25334,0
25335,0
25336,1
25337,0
25338,0
25339,0
25340,0
25341,0
25342,0
25343,1
25344,0
25345,0
25346,1
25347,1
25348,0
25349,0
25350,0
25351,0
25352,0
25353,0
25354,1
25355,1
25356,0
25357,0
25358,1
25359,0
25360,0
25361,0
25362,0
25363,0
25364,0
25365,0
25366,0
25367,0
25368,0
25369,0
25370,1
25371,0
25372,0
25373,0
25374,0
25375,0
25376,0
25377,0
25378,0
25379,1
25380,0
25381,0
25382,0
25383,0
25384,0
25385,0
25386,1
25387,0
25388,0
25389,0
25390,1
25391,0
25392,1
25393,0
25394,1
25395,0
25396,0
25397,0
25398,0
25399,0
25400,0
25401,0
25402,0
25403,0
25404,0
25405,1
25406,0
25407,1
25408,0
25409,0
25410,0
25411,0
25412,0
25413,0
25414,0
25415,0
25416,1
25417,0
25418,0
25419,0
25420,0
25421,0
25422,0
25423,0
25424,0
25425,0
25426,0
25427,0
25428,0
25429,0
25430,1
25431,0
25432,1
25433,1
25434,0
25435,0
25436,0
25437,0
25438,0
25439,0
25440,0
25441,0
25442,1
25443,0
25444,0
25445,0
25446,0
25447,0
25448,0
25449,0
25450,0
25451,0
25452,0
25453,1
25454,0
25455,0
25456,0
25457,0
25458,0
25459,0
25460,1
25461,0
25462,0
25463,0
25464,0
25465,0
25466,0
25467,0
25468,0
25469,0
25470,1
25471,0
25472,0
25473,0
25474,0
25475,0
25476,0
25477,0
25478,1
25479,0
25480,0
25481,0
25482,1
25483,0
25484,0
25485,0
25486,1
25487,1
25488,0
25489,1
25490,0
25491,0
25492,0
25493,0
25494,1
25495,1
25496,0
25497,1
25498,1
25499,1
25500,0
25501,0
25502,0
25503,0
25504,1
25505,0
25506,0
25507,0
25508,0
25509,0
25510,0
25511,0
25512,0
25513,0
25514,0
25515,0
25516,0
25517,1
25518,0
25519,0
25520,0
25521,1
25522,0
25523,1
25524,0
25525,0
25526,0
25527,0
25528,0
25529,1
25530,0
25531,0
25532,0
25533,0
25534,0
25535,0
25536,0
25537,0
25538,1
25539,0
25540,0
25541,0
25542,0
25543,0
25544,0
25545,1
25546,0
25547,0
25548,0
25549,1
25550,1
25551,0
25552,0
25553,0
25554,0
25555,0
25556,0
25557,0
25558,0
25559,0
25560,0
25561,1
25562,0
25563,0
25564,0
25565,0
25566,0
25567,0
25568,0
25569,0
25570,0
25571,0
25572,0
25573,0
25574,0
25575,0
25576,1
25577,0
25578,0
25579,0
25580,0
25581,1
25582,0
25583,0
25584,0
25585,0
25586,0
25587,0
25588,0
25589,0
25590,1
25591,0
25592,0
25593,1
25594,0
25595,0
25596,0
25597,0
25598,1
25599,0
25600,1
25601,0
25602,0
25603,0
25604,0
25605,0
25606,0
25607,0
25608,1
25609,0
25610,0
25611,0
25612,0
25613,0
25614,0
25615,0
25616,0
25617,0
25618,0
25619,0
25620,0
25621,0
25622,1
25623,1
25624,0
25625,1
25626,0
25627,0
25628,0
25629,1
25630,0
25631,0
25632,0
25633,0
25634,0
25635,0
25636,0
25637,0
25638,0
25639,0
25640,0
25641,0
25642,0
25643,0
25644,0
25645,0
25646,0
25647,0
25648,1
25649,0
25650,0
25651,1
25652,0
25653,0
25654,0
25655,0
25656,0
25657,0
25658,0
25659,0
25660,0
25661,0
25662,0
25663,0
25664,0
25665,0
25666,0
25667,0
25668,0
25669,0
25670,0
25671,0
25672,0
25673,0
25674,0
25675,1
25676,0
25677,0
25678,0
25679,0
25680,0
25681,0
25682,0
25683,0
25684,0
25685,0
25686,0
25687,0
25688,0
25689,0
25690,0
25691,0
25692,0
25693,0
25694,0
25695,1
25696,0
25697,0
25698,0
25699,0
25700,1
25701,0
25702,0
25703,0
25704,0
25705,0
25706,1
25707,0
25708,0
25709,0
25710,0
25711,0
25712,1
25713,0
25714,1
25715,1
25716,0
25717,1
25718,1
25719,0
25720,0
25721,1
25722,0
25723,1
25724,1
25725,0
25726,0
25727,0
25728,0
25729,0
25730,1
25731,0
25732,0
25733,0
25734,1
25735,1
25736,0
25737,0
25738,0
25739,0
25740,0
25741,1
25742,0
25743,1
25744,0
25745,1
25746,0
25747,0
25748,0
25749,0
25750,0
25751,1
25752,0
25753,0
25754,0
25755,1
25756,1
25757,1
25758,0
25759,0
25760,0
25761,0
25762,0
25763,0
25764,0
25765,0
25766,0
25767,0
25768,0
25769,0
25770,0
25771,0
25772,0
25773,0
25774,0
25775,0
25776,1
25777,0
25778,0
25779,0
25780,0
25781,0
25782,1
25783,0
25784,1
25785,1
25786,0
25787,1
25788,0
25789,1
25790,0
25791,1
25792,0
25793,1
25794,1
25795,0
25796,0
25797,0
25798,0
25799,0
25800,0
25801,0
25802,1
25803,1
25804,0
25805,1
25806,0
25807,0
25808,0
25809,0
25810,1
25811,0
25812,0
25813,0
25814,0
25815,1
25816,0
25817,1
25818,0
25819,0
25820,0
25821,0
25822,0
25823,0
25824,0
25825,0
25826,0
25827,0
25828,0
25829,0
25830,1
25831,0
25832,0
25833,0
25834,1
25835,0
25836,0
25837,1
25838,0
25839,0
25840,1
25841,0
25842,0
25843,0
25844,1
25845,0
25846,0
25847,0
25848,0
25849,0
25850,0
25851,0
25852,0
25853,1
25854,0
25855,1
25856,0
25857,0
25858,1
25859,0
25860,1
25861,0
25862,0
25863,0
25864,1
25865,1
25866,0
25867,1
25868,0
25869,0
25870,0
25871,0
25872,0
25873,0
25874,0
25875,0
25876,1
25877,0
25878,0
25879,1
25880,0
25881,0
25882,0
25883,0
25884,0
25885,1
25886,0
25887,0
25888,0
25889,1
25890,1
25891,0
25892,1
25893,0
25894,0
25895,1
25896,0
25897,1
25898,0
25899,1
25900,0
25901,0
25902,0
25903,0
25904,0
25905,0
25906,0
25907,1
25908,0
25909,0
25910,0
25911,0
25912,0
25913,1
25914,0
25915,0
25916,0
25917,1
25918,1
25919,0
25920,0
25921,0
25922,1
25923,0
25924,0
25925,0
25926,0
25927,0
25928,0
25929,0
25930,0
25931,1
25932,0
25933,1
25934,0
25935,0
25936,0
25937,0
25938,0
25939,0
25940,1
25941,1
25942,1
25943,1
25944,0
25945,0
25946,0
25947,0
25948,0
25949,0
25950,0
25951,0
25952,1
25953,0
25954,0
25955,0
25956,0
25957,0
25958,0
25959,0
25960,0
25961,0
25962,0
25963,1
25964,0
25965,0
25966,0
25967,1
25968,0
25969,0
25970,0
25971,1
25972,0
25973,0
25974,0
25975,0
25976,1
25977,0
25978,0
25979,0
25980,0
25981,0
25982,0
25983,0
25984,0
25985,0
25986,0
25987,0
25988,0
25989,1
25990,0
25991,1
25992,0
25993,0
25994,0
25995,0
25996,0
25997,1
25998,0
25999,1
26000,0
26001,0
26002,0
26003,1
26004,0
26005,1
26006,0
26007,0
26008,0
26009,1
26010,0
26011,0
26012,0
26013,0
26014,0
26015,0
26016,0
26017,1
26018,0
26019,0
26020,0
26021,0
26022,0
26023,0
26024,0
26025,0
26026,0
26027,1
26028,1
26029,0
26030,0
26031,0
26032,0
26033,1
26034,0
26035,0
26036,0
26037,0
26038,0
26039,0
26040,0
26041,0
26042,0
26043,0
26044,0
26045,0
26046,0
26047,0
26048,0
26049,0
26050,1
26051,0
26052,1
26053,1
26054,0
26055,0
26056,0
26057,1
26058,0
26059,1
26060,0
26061,0
26062,0
26063,0
26064,1
26065,0
26066,1
26067,0
26068,0
26069,0
26070,0
26071,0
26072,0
26073,0
26074,0
26075,0
26076,0
26077,0
26078,0
26079,0
26080,1
26081,0
26082,0
26083,0
26084,0
26085,0
26086,0
26087,0
26088,0
26089,0
26090,0
26091,1
26092,0
26093,0
26094,0
26095,0
26096,0
26097,0
26098,0
26099,1
26100,1
26101,0
26102,0
26103,1
26104,0
26105,0
26106,0
26107,0
26108,1
26109,1
26110,0
26111,1
26112,0
26113,0
26114,1
26115,0
26116,0
26117,0
26118,1
26119,1
26120,1
26121,1
26122,0
26123,1
26124,0
26125,0
26126,0
26127,0
26128,0
26129,0
26130,0
26131,0
26132,1
26133,1
26134,0
26135,0
26136,0
26137,0
26138,0
26139,0
26140,0
26141,0
26142,1
26143,0
26144,0
26145,0
26146,0
26147,0
26148,0
26149,0
26150,1
26151,0
26152,0
26153,0
26154,0
26155,0
26156,0
26157,1
26158,0
26159,0
26160,0
26161,0
26162,0
26163,1
26164,0
26165,0
26166,0
26167,1
26168,0
26169,0
26170,0
26171,0
26172,1
26173,0
26174,0
26175,0
26176,0
26177,1
26178,0
26179,0
26180,1
26181,1
26182,1
26183,0
26184,0
26185,0
26186,0
26187,0
26188,0
26189,1
26190,1
26191,0
26192,0
26193,1
26194,0
26195,0
26196,0
26197,1
26198,0
26199,0
26200,0
26201,1
26202,0
26203,0
26204,0
26205,0
26206,0
26207,0
26208,0
26209,1
26210,1
26211,0
26212,0
26213,0
26214,0
26215,0
26216,0
26217,1
26218,0
26219,1
26220,1
26221,0
26222,0
26223,0
26224,0
26225,0
26226,0
26227,0
26228,0
26229,0
26230,0
26231,0
26232,1
26233,0
26234,0
26235,0
26236,0
26237,0
26238,0
26239,1
26240,0
26241,0
26242,0
26243,0
26244,0
26245,1
26246,1
26247,0
26248,0
26249,0
26250,0
26251,0
26252,0
26253,0
26254,0
26255,0
26256,0
26257,0
26258,0
26259,0
26260,0
26261,0
26262,0
26263,0
26264,0
26265,0
26266,0
26267,0
26268,0
26269,1
26270,0
26271,1
26272,0
26273,0
26274,0
26275,0
26276,0
26277,0
26278,0
26279,1
26280,0
26281,0
26282,0
26283,0
26284,1
26285,0
26286,0
26287,0
26288,0
26289,0
26290,1
26291,0
26292,0
26293,0
26294,0
26295,1
26296,0
26297,0
26298,0
26299,0
26300,0
26301,0
26302,0
26303,0
26304,1
26305,1
26306,1
26307,0
26308,0
26309,0
26310,0
26311,0
26312,0
26313,0
26314,0
26315,0
26316,0
26317,0
26318,0
26319,0
26320,0
26321,0
26322,0
26323,0
26324,1
26325,0
26326,0
26327,0
26328,1
26329,0
26330,0
26331,0
26332,0
26333,0
26334,0
26335,0
26336,0
26337,1
26338,0
26339,1
26340,1
26341,0
26342,0
26343,1
26344,1
26345,1
26346,1
26347,0
26348,0
26349,0
26350,0
26351,0
26352,0
26353,0
26354,0
26355,0
26356,0
26357,0
26358,0
26359,0
26360,0
26361,0
26362,1
26363,0
26364,0
26365,0
26366,0
26367,0
26368,0
26369,0
26370,0
26371,1
26372,0
26373,0
26374,0
26375,0
26376,0
26377,0
26378,1
26379,1
26380,0
26381,0
26382,0
26383,1
26384,0
26385,0
26386,0
26387,0
26388,1
26389,0
26390,0
26391,0
26392,1
26393,0
26394,0
26395,0
26396,0
26397,0
26398,0
26399,0
26400,1
26401,0
26402,0
26403,1
26404,0
26405,0
26406,0
26407,0
26408,0
26409,1
26410,0
26411,0
26412,0
26413,0
26414,0
26415,0
26416,1
26417,0
26418,0
26419,0
26420,0
26421,0
26422,0
26423,0
26424,0
26425,0
26426,1
26427,1
26428,0
26429,0
26430,0
26431,1
26432,0
26433,0
26434,0
26435,0
26436,1
26437,0
26438,1
26439,0
26440,0
26441,0
26442,0
26443,0
26444,1
26445,0
26446,0
26447,0
26448,0
26449,1
26450,0
26451,0
26452,0
26453,0
26454,0
26455,0
26456,1
26457,0
26458,0
26459,0
26460,1
26461,1
26462,0
26463,1
26464,0
26465,0
26466,0
26467,0
26468,0
26469,0
26470,1
26471,0
26472,1
26473,1
26474,0
26475,0
26476,0
26477,0
26478,0
26479,0
26480,0
26481,0
26482,0
26483,0
26484,0
26485,0
26486,0
26487,0
26488,0
26489,0
26490,0
26491,1
26492,0
26493,0
26494,0
26495,0
26496,0
26497,0
26498,0
26499,0
26500,1
26501,0
26502,0
26503,0
26504,0
26505,0
26506,0
26507,0
26508,0
26509,0
26510,0
26511,0
26512,0
26513,0
26514,0
26515,1
26516,0
26517,0
26518,0
26519,0
26520,0
26521,1
26522,1
26523,0
26524,0
26525,0
26526,0
26527,0
26528,1
26529,0
26530,0
26531,0
26532,0
26533,0
26534,0
26535,0
26536,0
26537,0
26538,1
26539,0
26540,0
26541,1
26542,0
26543,0
26544,1
26545,0
26546,0
26547,0
26548,0
26549,0
26550,0
26551,0
26552,0
26553,0
26554,0
26555,0
26556,0
26557,0
26558,0
26559,0
26560,1
26561,0
26562,0
26563,0
26564,0
26565,0
26566,1
26567,0
26568,0
26569,1
26570,0
26571,1
26572,0
26573,0
26574,0
26575,0
26576,1
26577,0
26578,0
26579,0
26580,0
26581,1
26582,0
26583,0
26584,0
26585,1
26586,0
26587,1
26588,0
26589,0
26590,1
26591,0
26592,0
26593,0
26594,0
26595,0
26596,0
26597,0
26598,0
26599,0
26600,1
26601,1
26602,0
26603,0
26604,1
26605,1
26606,1
26607,0
26608,0
26609,1
26610,0
26611,0
26612,0
26613,0
26614,1
26615,0
26616,0
26617,0
26618,0
26619,0
26620,0
26621,0
26622,1
26623,1
26624,1
26625,1
26626,0
26627,0
26628,0
26629,0
26630,0
26631,0
26632,0
26633,0
26634,1
26635,0
26636,1
26637,0
26638,0
26639,0
26640,0
26641,1
26642,0
26643,0
26644,0
26645,0
26646,1
26647,0
26648,0
26649,0
26650,0
26651,0
26652,0
26653,1
26654,0
26655,0
26656,0
26657,0
26658,0
26659,0
26660,0
26661,1
26662,0
26663,0
26664,0
26665,0
26666,0
26667,0
26668,0
26669,0
26670,0
26671,0
26672,0
26673,1
26674,0
26675,0
26676,0
26677,1
26678,1
26679,0
26680,0
26681,0
26682,0
26683,1
26684,1
26685,0
26686,0
26687,0
26688,0
26689,0
26690,0
26691,0
26692,0
26693,0
26694,0
26695,0
26696,0
26697,1
26698,0
26699,0
26700,1
26701,0
26702,0
26703,0
26704,1
26705,0
26706,1
26707,0
26708,0
26709,0
26710,0
26711,1
26712,0
26713,0
26714,0
26715,0
26716,0
26717,0
26718,0
26719,0
26720,1
26721,0
26722,0
26723,0
26724,0
26725,0
26726,0
26727,1
26728,0
26729,0
26730,0
26731,0
26732,1
26733,0
26734,0
26735,1
26736,0
26737,1
26738,0
26739,0
26740,0
26741,0
26742,0
26743,1
26744,1
26745,1
26746,0
26747,1
26748,1
26749,0
26750,0
26751,0
26752,0
26753,1
26754,0
26755,0
26756,0
26757,0
26758,0
26759,0
26760,0
26761,0
26762,1
26763,0
26764,1
26765,0
26766,0
26767,0
26768,0
26769,1
26770,0
26771,0
26772,0
26773,0
26774,0
26775,0
26776,0
26777,0
26778,0
26779,0
26780,0
26781,0
26782,0
26783,0
26784,0
26785,0
26786,0
26787,0
26788,0
26789,0
26790,0
26791,0
26792,0
26793,0
26794,1
26795,0
26796,0
26797,0
26798,0
26799,0
26800,1
26801,0
26802,0
26803,0
26804,0
26805,1
26806,1
26807,0
26808,0
26809,0
26810,0
26811,0
26812,0
26813,1
26814,0
26815,0
26816,0
26817,0
26818,0
26819,0
26820,0
26821,0
26822,0
26823,0
26824,0
26825,0
26826,0
26827,0
26828,1
26829,0
26830,1
26831,0
26832,0
26833,0
26834,0
26835,0
26836,0
26837,0
26838,0
26839,0
26840,1
26841,0
26842,0
26843,0
26844,1
26845,0
26846,0
26847,0
26848,1
26849,0
26850,0
26851,0
26852,0
26853,0
26854,0
26855,0
26856,0
26857,0
26858,0
26859,0
26860,0
26861,1
26862,0
26863,0
26864,0
26865,0
26866,0
26867,0
26868,0
26869,0
26870,0
26871,0
26872,0
26873,1
26874,1
26875,1
26876,0
26877,0
26878,0
26879,0
26880,0
26881,0
26882,0
26883,0
26884,1
26885,1
26886,0
26887,0
26888,1
26889,0
26890,0
26891,0
26892,0
26893,1
26894,0
26895,0
26896,0
26897,0
26898,0
26899,0
26900,0
26901,0
26902,0
26903,0
26904,0
26905,0
26906,0
26907,0
26908,0
26909,0
26910,1
26911,0
26912,0
26913,0
26914,0
26915,0
26916,0
26917,0
26918,0
26919,0
26920,0
26921,0
26922,0
26923,0
26924,0
26925,0
26926,1
26927,1
26928,0
26929,1
26930,1
26931,0
26932,0
26933,0
26934,0
26935,1
26936,0
26937,0
26938,0
26939,0
26940,0
26941,0
26942,1
26943,0
26944,0
26945,0
26946,0
26947,0
26948,0
26949,0
26950,1
26951,0
26952,0
26953,0
26954,1
26955,0
26956,0
26957,1
26958,0
26959,0
26960,1
26961,0
26962,1
26963,0
26964,0
26965,1
26966,0
26967,0
26968,0
26969,1
26970,0
26971,0
26972,0
26973,0
26974,0
26975,0
26976,0
26977,1
26978,0
26979,0
26980,0
26981,0
26982,0
26983,0
26984,0
26985,1
26986,1
26987,0
26988,1
26989,1
26990,1
26991,0
26992,0
26993,0
26994,0
26995,0
26996,0
26997,0
26998,0
26999,0
27000,0
27001,0
27002,0
27003,0
27004,1
27005,0
27006,0
27007,0
27008,0
27009,0
27010,0
27011,0
27012,1
27013,1
27014,0
27015,1
27016,1
27017,0
27018,1
27019,0
27020,1
27021,0
27022,0
27023,0
27024,0
27025,0
27026,0
27027,1
27028,1
27029,0
27030,0
27031,0
27032,0
27033,0
27034,0
27035,0
27036,1
27037,0
27038,0
27039,0
27040,1
27041,0
27042,0
27043,0
27044,1
27045,1
27046,0
27047,0
27048,0
27049,0
27050,1
27051,0
27052,0
27053,0
27054,0
27055,1
27056,1
27057,0
27058,0
27059,0
27060,0
27061,0
27062,0
27063,0
27064,0
27065,0
27066,0
27067,0
27068,0
27069,0
27070,0
27071,0
27072,1
27073,0
27074,1
27075,0
27076,1
27077,0
27078,1
27079,0
27080,0
27081,0
27082,1
27083,0
27084,0
27085,1
27086,0
27087,0
27088,0
27089,1
27090,0
27091,0
27092,1
27093,0
27094,0
27095,0
27096,0
27097,0
27098,0
27099,0
27100,0
27101,0
27102,1
27103,1
27104,0
27105,1
27106,0
27107,0
27108,0
27109,0
27110,1
27111,1
27112,0
27113,1
27114,1
27115,0
27116,0
27117,0
27118,0
27119,1
27120,0
27121,0
27122,0
27123,0
27124,0
27125,0
27126,0
27127,0
27128,0
27129,1
27130,0
27131,0
27132,0
27133,0
27134,0
27135,1
27136,1
27137,0
27138,1
27139,0
27140,0
27141,0
27142,0
27143,0
27144,0
27145,0
27146,0
27147,0
27148,0
27149,1
27150,1
27151,0
27152,1
27153,0
27154,0
27155,1
27156,0
27157,0
27158,0
27159,0
27160,0
27161,0
27162,0
27163,1
27164,0
27165,0
27166,0
27167,0
27168,0
27169,0
27170,0
27171,0
27172,0
27173,0
27174,0
27175,0
27176,1
27177,0
27178,0
27179,0
27180,1
27181,0
27182,0
27183,0
27184,0
27185,0
27186,0
27187,1
27188,0
27189,0
27190,0
27191,0
27192,0
27193,0
27194,0
27195,0
27196,0
27197,0
27198,0
27199,0
27200,0
27201,0
27202,0
27203,0
27204,0
27205,0
27206,1
27207,0
27208,0
27209,0
27210,1
27211,0
27212,1
27213,0
27214,0
27215,0
27216,0
27217,0
27218,0
27219,0
27220,1
27221,0
27222,0
27223,0
27224,0
27225,1
27226,1
27227,0
27228,0
27229,0
27230,0
27231,0
27232,1
27233,0
27234,1
27235,1
27236,0
27237,0
27238,0
27239,1
27240,1
27241,0
27242,0
27243,1
27244,0
27245,0
27246,0
27247,0
27248,0
27249,0
27250,1
27251,0
27252,0
27253,0
27254,0
27255,0
27256,0
27257,0
27258,0
27259,0
27260,0
27261,1
27262,1
27263,1
27264,0
27265,0
27266,0
27267,0
27268,0
27269,0
27270,0
27271,0
27272,1
27273,0
27274,1
27275,1
27276,0
27277,0
27278,0
27279,1
27280,0
27281,0
27282,0
27283,0
27284,0
27285,0
27286,0
27287,1
27288,0
27289,0
27290,0
27291,0
27292,0
27293,0
27294,0
27295,1
27296,0
27297,1
27298,1
27299,0
27300,0
27301,0
27302,0
27303,1
27304,0
27305,0
27306,0
27307,0
27308,0
27309,0
27310,0
27311,1
27312,0
27313,0
27314,0
27315,0
27316,0
27317,0
27318,0
27319,0
27320,1
27321,0
27322,0
27323,0
27324,0
27325,0
27326,0
27327,0
27328,0
27329,0
27330,0
27331,0
27332,0
27333,0
27334,1
27335,0
27336,0
27337,0
27338,0
27339,0
27340,0
27341,1
27342,0
27343,0
27344,0
27345,0
27346,0
27347,0
27348,1
27349,0
27350,0
27351,0
27352,1
27353,0
27354,0
27355,1
27356,0
27357,1
27358,0
27359,1
27360,0
27361,1
27362,0
27363,0
27364,0
27365,1
27366,0
27367,0
27368,0
27369,0
27370,0
27371,0
27372,0
27373,0
27374,0
27375,0
27376,0
27377,0
27378,0
27379,1
27380,0
27381,0
27382,1
27383,1
27384,0
27385,0
27386,1
27387,0
27388,1
27389,0
27390,0
27391,0
27392,0
27393,0
27394,0
27395,0
27396,0
27397,0
27398,0
27399,0
27400,0
27401,0
27402,0
27403,0
27404,0
27405,0
27406,0
27407,0
27408,1
27409,0
27410,0
27411,0
27412,0
27413,0
27414,0
27415,1
27416,0
27417,0
27418,1
27419,0
27420,0
27421,0
27422,0
27423,0
27424,0
27425,0
27426,0
27427,0
27428,0
27429,0
27430,0
27431,1
27432,0
27433,1
27434,1
27435,0
27436,0
27437,0
27438,0
27439,0
27440,0
27441,1
27442,0
27443,0
27444,0
27445,1
27446,0
27447,0
27448,0
27449,0
27450,0
27451,1
27452,1
27453,0
27454,0
27455,0
27456,0
27457,0
27458,1
27459,0
27460,0
27461,0
27462,0
27463,0
27464,0
27465,0
27466,0
27467,0
27468,1
27469,0
27470,0
27471,0
27472,1
27473,0
27474,0
27475,0
27476,0
27477,0
27478,0
27479,0
27480,0
27481,0
27482,1
27483,0
27484,0
27485,0
27486,0
27487,0
27488,0
27489,0
27490,0
27491,0
27492,0
27493,0
27494,1
27495,0
27496,1
27497,0
27498,1
27499,0
27500,0
27501,0
27502,0
27503,0
27504,0
27505,0
27506,0
27507,0
27508,0
27509,1
27510,0
27511,0
27512,0
27513,0
27514,0
27515,0
27516,0
27517,1
27518,0
27519,0
27520,0
27521,0
27522,0
27523,0
27524,0
27525,0
27526,0
27527,0
27528,0
27529,0
27530,0
27531,0
27532,1
27533,0
27534,0
27535,0
27536,0
27537,1
27538,0
27539,0
27540,1
27541,0
27542,0
27543,0
27544,1
27545,0
27546,0
27547,0
27548,0
27549,0
27550,1
27551,0
27552,0
27553,0
27554,0
27555,0
27556,0
27557,1
27558,0
27559,0
27560,1
27561,0
27562,1
27563,0
27564,0
27565,0
27566,1
27567,0
27568,0
27569,0
27570,0
27571,0
27572,0
27573,1
27574,0
27575,0
27576,0
27577,0
27578,0
27579,0
27580,0
27581,0
27582,0
27583,1
27584,0
27585,1
27586,0
27587,1
27588,0
27589,0
27590,0
27591,1
27592,0
27593,0
27594,0
27595,0
27596,0
27597,0
27598,0
27599,0
27600,1
27601,0
27602,0
27603,0
27604,1
27605,0
27606,0
27607,0
27608,0
27609,0
27610,0
27611,0
27612,1
27613,0
27614,0
27615,0
27616,0
27617,1
27618,0
27619,0
27620,1
27621,0
27622,0
27623,0
27624,1
27625,1
27626,0
27627,1
27628,0
27629,0
27630,0
27631,0
27632,0
27633,0
27634,0
27635,0
27636,0
27637,1
27638,0
27639,0
27640,0
27641,0
27642,0
27643,0
27644,1
27645,0
27646,0
27647,0
27648,1
27649,0
27650,0
27651,0
27652,0
27653,1
27654,0
27655,0
27656,0
27657,0
27658,0
27659,0
27660,0
27661,0
27662,0
27663,1
27664,0
27665,0
27666,0
27667,0
27668,0
27669,0
27670,1
27671,0
27672,0
27673,1
27674,1
27675,0
27676,0
27677,0
27678,0
27679,0
27680,0
27681,1
27682,1
27683,0
27684,0
27685,0
27686,1
27687,0
27688,0
27689,0
27690,0
27691,0
27692,0
27693,0
27694,0
27695,0
27696,0
27697,0
27698,0
27699,1
27700,0
27701,0
27702,0
27703,1
27704,0
27705,0
27706,1
27707,0
27708,0
27709,0
27710,0
27711,0
27712,0
27713,0
27714,0
27715,0
27716,0
27717,0
27718,1
27719,0
27720,0
27721,0
27722,0
27723,0
27724,0
27725,0
27726,0
27727,1
27728,0
27729,0
27730,0
27731,1
27732,0
27733,0
27734,0
27735,0
27736,0
27737,1
27738,1
27739,1
27740,0
27741,1
27742,0
27743,0
27744,0
27745,0
27746,1
27747,0
27748,1
27749,1
27750,1
27751,0
27752,0
27753,0
27754,1
27755,1
27756,0
27757,0
27758,0
27759,1
27760,0
27761,0
27762,1
27763,1
27764,0
27765,0
27766,0
27767,0
27768,0
27769,0
27770,1
27771,1
27772,0
27773,0
27774,0
27775,0
27776,0
27777,0
27778,0
27779,0
27780,0
27781,0
27782,0
27783,0
27784,0
27785,1
27786,0
27787,1
27788,1
27789,0
27790,0
27791,1
27792,0
27793,0
27794,0
27795,0
27796,0
27797,0
27798,0
27799,0
27800,0
27801,0
27802,0
27803,0
27804,0
27805,0
27806,0
27807,0
27808,0
27809,1
27810,1
27811,1
27812,1
27813,0
27814,0
27815,1
27816,0
27817,0
27818,0
27819,0
27820,0
27821,0
27822,0
27823,0
27824,0
27825,0
27826,0
27827,1
27828,0
27829,0
27830,1
27831,0
27832,0
27833,0
27834,0
27835,0
27836,0
27837,0
27838,1
27839,0
27840,0
27841,1
27842,0
27843,0
27844,0
27845,0
27846,0
27847,0
27848,0
27849,0
27850,0
27851,0
27852,0
27853,0
27854,0
27855,1
27856,0
27857,0
27858,0
27859,0
27860,0
27861,1
27862,0
27863,1
27864,0
27865,0
27866,0
27867,0
27868,0
27869,0
27870,0
27871,0
27872,0
27873,0
27874,0
27875,0
27876,0
27877,0
27878,0
27879,0
27880,1
27881,0
27882,1
27883,0
27884,0
27885,0
27886,0
27887,0
27888,0
27889,0
27890,0
27891,0
27892,0
27893,0
27894,1
27895,0
27896,0
27897,0
27898,0
27899,0
27900,0
27901,0
27902,0
27903,0
27904,0
27905,1
27906,0
27907,0
27908,0
27909,0
27910,0
27911,0
27912,1
27913,0
27914,1
27915,1
27916,0
27917,0
27918,1
27919,1
27920,0
27921,1
27922,0
27923,0
27924,0
27925,0
27926,0
27927,1
27928,0
27929,0
27930,1
27931,0
27932,0
27933,0
27934,0
27935,1
27936,1
27937,0
27938,0
27939,0
27940,0
27941,0
27942,0
27943,1
27944,0
27945,0
27946,0
27947,0
27948,0
27949,1
27950,0
27951,1
27952,1
27953,0
27954,0
27955,0
27956,0
27957,0
27958,0
27959,0
27960,0
27961,1
27962,0
27963,1
27964,1
27965,0
27966,0
27967,0
27968,0
27969,1
27970,1
27971,1
27972,0
27973,0
27974,0
27975,0
27976,0
27977,0
27978,1
27979,0
27980,0
27981,1
27982,0
27983,0
27984,0
27985,1
27986,0
27987,0
27988,0
27989,0
27990,0
27991,1
27992,0
27993,0
27994,1
27995,0
27996,0
27997,0
27998,0
27999,0
28000,0
28001,0
28002,0
28003,0
28004,1
28005,0
28006,0
28007,0
28008,0
28009,0
28010,0
28011,0
28012,0
28013,0
28014,0
28015,0
28016,1
28017,0
28018,0
28019,0
28020,0
28021,0
28022,0
28023,0
28024,1
28025,1
28026,0
28027,0
28028,0
28029,0
28030,0
28031,1
28032,0
28033,0
28034,1
28035,0
28036,1
28037,0
28038,0
28039,1
28040,0
28041,0
28042,0
28043,1
28044,0
28045,0
28046,1
28047,0
28048,0
28049,1
28050,0
28051,0
28052,0
28053,1
28054,0
28055,0
28056,0
28057,0
28058,0
28059,0
28060,0
28061,0
28062,0
28063,0
28064,0
28065,0
28066,0
28067,0
28068,0
28069,0
28070,1
28071,0
28072,0
28073,1
28074,1
28075,1
28076,1
28077,1
28078,0
28079,0
28080,0
28081,0
28082,0
28083,1
28084,0
28085,0
28086,0
28087,1
28088,0
28089,0
28090,0
28091,0
28092,0
28093,0
28094,1
28095,0
28096,0
28097,0
28098,0
28099,0
28100,0
28101,0
28102,0
28103,0
28104,0
28105,0
28106,0
28107,0
28108,1
28109,0
28110,0
28111,0
28112,0
28113,0
28114,0
28115,0
28116,0
28117,0
28118,0
28119,1
28120,0
28121,0
28122,1
28123,0
28124,0
28125,0
28126,0
28127,0
28128,0
28129,0
28130,0
28131,0
28132,0
28133,0
28134,1
28135,0
28136,0
28137,0
28138,0
28139,0
28140,0
28141,0
28142,0
28143,0
28144,0
28145,0
28146,1
28147,0
28148,0
28149,0
28150,0
28151,0
28152,0
28153,1
28154,1
28155,0
28156,0
28157,0
28158,1
28159,1
28160,0
28161,0
28162,0
28163,0
28164,0
28165,1
28166,1
28167,1
28168,0
28169,0
28170,0
28171,0
28172,0
28173,1
28174,1
28175,1
28176,0
28177,0
28178,0
28179,1
28180,1
28181,0
28182,1
28183,1
28184,0
28185,1
28186,0
28187,0
28188,0
28189,1
28190,0
28191,0
28192,1
28193,0
28194,0
28195,1
28196,0
28197,0
28198,0
28199,0
28200,0
28201,1
28202,1
28203,0
28204,0
28205,0
28206,0
28207,0
28208,0
28209,0
28210,1
28211,0
28212,0
28213,0
28214,0
28215,0
28216,0
28217,1
28218,0
28219,0
28220,0
28221,0
28222,0
28223,0
28224,0
28225,0
28226,1
28227,0
28228,0
28229,1
28230,0
28231,0
28232,0
28233,1
28234,0
28235,0
28236,0
28237,1
28238,0
28239,0
28240,0
28241,0
28242,0
28243,0
28244,1
28245,0
28246,0
28247,0
28248,0
28249,0
28250,0
28251,1
28252,1
28253,0
28254,0
28255,1
28256,1
28257,0
28258,0
28259,0
28260,1
28261,0
28262,0
28263,0
28264,0
28265,1
28266,0
28267,0
28268,0
28269,0
28270,0
28271,1
28272,0
28273,0
28274,0
28275,0
28276,0
28277,0
28278,0
28279,0
28280,0
28281,1
28282,0
28283,0
28284,0
28285,0
28286,0
28287,0
28288,0
28289,0
28290,0
28291,1
28292,0
28293,1
28294,0
28295,0
28296,0
28297,1
28298,0
28299,0
28300,0
28301,1
28302,1
28303,1
28304,0
28305,0
28306,1
28307,0
28308,0
28309,0
28310,0
28311,0
28312,0
28313,1
28314,1
28315,0
28316,0
28317,0
28318,1
28319,0
28320,0
28321,0
28322,0
28323,0
28324,0
28325,1
28326,0
28327,1
28328,0
28329,0
28330,0
28331,0
28332,0
28333,0
28334,0
28335,0
28336,1
28337,0
28338,0
28339,0
28340,0
28341,0
28342,1
28343,0
28344,0
28345,1
28346,0
28347,0
28348,0
28349,0
28350,0
28351,0
28352,0
28353,0
28354,0
28355,0
28356,0
28357,0
28358,0
28359,0
28360,0
28361,0
28362,0
28363,0
28364,0
28365,0
28366,0
28367,0
28368,0
28369,0
28370,0
28371,0
28372,0
28373,0
28374,1
28375,0
28376,0
28377,1
28378,0
28379,0
28380,0
28381,0
28382,0
28383,0
28384,0
28385,0
28386,0
28387,0
28388,0
28389,0
28390,0
28391,0
28392,0
28393,1
28394,0
28395,0
28396,1
28397,0
28398,0
28399,0
28400,0
28401,0
28402,0
28403,0
28404,0
28405,0
28406,1
28407,0
28408,0
28409,0
28410,0
28411,1
28412,0
28413,0
28414,0
28415,0
28416,0
28417,0
28418,0
28419,0
28420,0
28421,0
28422,0
28423,0
28424,0
28425,0
28426,0
28427,0
28428,1
28429,0
28430,0
28431,0
28432,1
28433,0
28434,0
28435,0
28436,0
28437,0
28438,0
28439,0
28440,0
28441,0
28442,1
28443,0
28444,1
28445,1
28446,0
28447,0
28448,0
28449,0
28450,0
28451,0
28452,0
28453,1
28454,0
28455,0
28456,0
28457,0
28458,0
28459,1
28460,0
28461,1
28462,0
28463,0
28464,0
28465,0
28466,0
28467,0
28468,0
28469,0
28470,0
28471,0
28472,0
28473,0
28474,0
28475,0
28476,0
28477,0
28478,0
28479,1
28480,0
28481,0
28482,0
28483,0
28484,0
28485,0
28486,0
28487,0
28488,0
28489,0
28490,0
28491,1
28492,0
28493,1
28494,0
28495,0
28496,0
28497,1
28498,0
28499,0
28500,0
28501,0
28502,0
28503,0
28504,1
28505,0
28506,1
28507,0
28508,0
28509,1
28510,0
28511,0
28512,0
28513,0
28514,0
28515,0
28516,0
28517,0
28518,0
28519,0
28520,0
28521,0
28522,0
28523,0
28524,0
28525,0
28526,1
28527,1
28528,0
28529,0
28530,1
28531,0
28532,0
28533,0
28534,0
28535,0
28536,0
28537,0
28538,0
28539,0
28540,0
28541,1
28542,0
28543,1
28544,0
28545,0
28546,0
28547,0
28548,1
28549,0
28550,0
28551,1
28552,0
28553,0
28554,0
28555,1
28556,0
28557,0
28558,0
28559,1
28560,0
28561,1
28562,0
28563,0
28564,1
28565,0
28566,1
28567,0
28568,0
28569,0
28570,0
28571,1
28572,1
28573,0
28574,0
28575,0
28576,1
28577,0
28578,1
28579,1
28580,0
28581,0
28582,1
28583,0
28584,0
28585,0
28586,0
28587,0
28588,0
28589,0
28590,0
28591,0
28592,1
28593,0
28594,0
28595,0
28596,0
28597,0
28598,1
28599,0
28600,0
28601,0
28602,0
28603,0
28604,0
28605,0
28606,0
28607,0
28608,1
28609,0
28610,0
28611,0
28612,0
28613,0
28614,0
28615,0
28616,0
28617,0
28618,0
28619,0
28620,0
28621,0
28622,0
28623,0
28624,0
28625,0
28626,0
28627,0
28628,0
28629,0
28630,0
28631,0
28632,0
28633,0
28634,0
28635,0
28636,0
28637,0
28638,0
28639,0
28640,1
28641,0
28642,0
28643,0
28644,0
28645,0
28646,0
28647,0
28648,0
28649,0
28650,0
28651,1
28652,0
28653,0
28654,0
28655,0
28656,1
28657,0
28658,0
28659,0
28660,0
28661,0
28662,1
28663,0
28664,0
28665,1
28666,0
28667,0
28668,0
28669,0
28670,0
28671,1
28672,0
28673,0
28674,0
28675,0
28676,1
28677,0
28678,0
28679,0
28680,0
28681,0
28682,0
28683,0
28684,1
28685,0
28686,0
28687,1
28688,0
28689,0
28690,0
28691,0
28692,0
28693,0
28694,0
28695,0
28696,0
28697,0
28698,0
28699,1
28700,0
28701,0
28702,0
28703,1
28704,0
28705,0
28706,0
28707,1
28708,0
28709,0
28710,0
28711,0
28712,0
28713,1
28714,0
28715,0
28716,0
28717,0
28718,1
28719,1
28720,0
28721,0
28722,0
28723,0
28724,0
28725,0
28726,1
28727,0
28728,0
28729,0
28730,0
28731,0
28732,0
28733,0
28734,0
28735,1
28736,0
28737,0
28738,0
28739,0
28740,1
28741,0
28742,1
28743,0
28744,0
28745,0
28746,0
28747,0
28748,0
28749,1
28750,0
28751,0
28752,1
28753,0
28754,0
28755,0
28756,0
28757,0
28758,0
28759,0
28760,0
28761,0
28762,0
28763,0
28764,0
28765,0
28766,1
28767,0
28768,0
28769,0
28770,0
28771,0
28772,0
28773,0
28774,0
28775,0
28776,0
28777,0
28778,0
28779,0
28780,0
28781,0
28782,0
28783,0
28784,1
28785,1
28786,0
28787,1
28788,1
28789,0
28790,1
28791,0
28792,0
28793,0
28794,0
28795,1
28796,0
28797,1
28798,0
28799,0
28800,1
28801,0
28802,0
28803,1
28804,0
28805,0
28806,0
28807,0
28808,0
28809,0
28810,0
28811,0
28812,0
28813,0
28814,0
28815,0
28816,0
28817,0
28818,0
28819,0
28820,0
28821,0
28822,1
28823,0
28824,0
28825,0
28826,0
28827,0
28828,0
28829,0
28830,0
28831,0
28832,0
28833,0
28834,0
28835,0
28836,0
28837,1
28838,1
28839,0
28840,0
28841,0
28842,0
28843,0
28844,0
28845,0
28846,0
28847,0
28848,0
28849,1
28850,0
28851,0
28852,0
28853,0
28854,0
28855,1
28856,0
28857,0
28858,0
28859,0
28860,0
28861,0
28862,0
28863,0
28864,1
28865,0
28866,0
28867,0
28868,0
28869,1
28870,0
28871,0
28872,1
28873,0
28874,0
28875,0
28876,0
28877,0
28878,0
28879,0
28880,1
28881,0
28882,1
28883,0
28884,0
28885,0
28886,0
28887,0
28888,0
28889,0
28890,1
28891,0
28892,0
28893,0
28894,0
28895,0
28896,0
28897,0
28898,0
28899,1
28900,0
28901,1
28902,0
28903,0
28904,0
28905,1
28906,0
28907,0
28908,0
28909,0
28910,1
28911,0
28912,0
28913,0
28914,0
28915,0
28916,0
28917,0
28918,0
28919,0
28920,0
28921,0
28922,0
28923,0
28924,0
28925,1
28926,0
28927,0
28928,1
28929,0
28930,0
28931,1
28932,0
28933,0
28934,0
28935,0
28936,0
28937,0
28938,0
28939,0
28940,0
28941,0
28942,0
28943,1
28944,0
28945,0
28946,0
28947,0
28948,0
28949,0
28950,0
28951,1
28952,0
28953,0
28954,0
28955,0
28956,1
28957,1
28958,0
28959,1
28960,0
28961,0
28962,0
28963,0
28964,0
28965,0
28966,0
28967,0
28968,0
28969,0
28970,0
28971,1
28972,0
28973,0
28974,1
28975,0
28976,0
28977,1
28978,0
28979,1
28980,1
28981,0
28982,0
28983,0
28984,0
28985,0
28986,0
28987,0
28988,0
28989,0
28990,0
28991,0
28992,0
28993,0
28994,0
28995,0
28996,0
28997,0
28998,0
28999,0
29000,0
29001,0
29002,0
29003,1
29004,0
29005,0
29006,1
29007,0
29008,0
29009,0
29010,0
29011,0
29012,0
29013,0
29014,0
29015,0
29016,0
29017,0
29018,0
29019,0
29020,0
29021,0
29022,0
29023,0
29024,0
29025,1
29026,0
29027,0
29028,0
29029,0
29030,0
29031,1
29032,1
29033,0
29034,0
29035,0
29036,0
29037,0
29038,0
29039,0
29040,0
29041,0
29042,0
29043,1
29044,0
29045,0
29046,0
29047,0
29048,1
29049,0
29050,0
29051,0
29052,1
29053,0
29054,1
29055,0
29056,0
29057,0
29058,0
29059,0
29060,0
29061,0
29062,0
29063,0
29064,0
29065,0
29066,0
29067,0
29068,1
29069,0
29070,0
29071,0
29072,1
29073,1
29074,1
29075,1
29076,0
29077,1
29078,0
29079,0
29080,0
29081,0
29082,0
29083,0
29084,0
29085,0
29086,0
29087,0
29088,1
29089,0
29090,0
29091,0
29092,0
29093,0
29094,1
29095,0
29096,0
29097,1
29098,0
29099,0
29100,0
29101,0
29102,0
29103,0
29104,0
29105,0
29106,0
29107,0
29108,0
29109,1
29110,0
29111,0
29112,1
29113,1
29114,0
29115,1
29116,0
29117,0
29118,0
29119,0
29120,0
29121,0
29122,0
29123,0
29124,0
29125,0
29126,0
29127,0
29128,0
29129,0
29130,1
29131,0
29132,0
29133,0
29134,0
29135,0
29136,0
29137,0
29138,0
29139,0
29140,0
29141,0
29142,1
29143,0
29144,0
29145,0
29146,0
29147,0
29148,0
29149,0
29150,1
29151,0
29152,0
29153,0
29154,0
29155,0
29156,0
29157,0
29158,0
29159,0
29160,0
29161,0
29162,0
29163,0
29164,0
29165,0
29166,0
29167,0
29168,0
29169,0
29170,0
29171,0
29172,0
29173,1
29174,1
29175,0
29176,0
29177,0
29178,0
29179,1
29180,0
29181,0
29182,1
29183,1
29184,0
29185,0
29186,0
29187,1
29188,0
29189,0
29190,0
29191,0
29192,0
29193,0
29194,0
29195,0
29196,0
29197,0
29198,0
29199,0
29200,0
29201,0
29202,1
29203,0
29204,0
29205,0
29206,1
29207,0
29208,1
29209,1
29210,1
29211,0
29212,0
29213,0
29214,0
29215,0
29216,0
29217,1
29218,0
29219,0
29220,0
29221,0
29222,0
29223,1
29224,0
29225,0
29226,1
29227,0
29228,0
29229,0
29230,0
29231,0
29232,0
29233,0
29234,0
29235,0
29236,1
29237,0
29238,0
29239,0
29240,0
29241,0
29242,0
29243,0
29244,0
29245,0
29246,0
29247,0
29248,0
29249,0
29250,0
29251,0
29252,1
29253,1
29254,0
29255,0
29256,0
29257,0
29258,0
29259,0
29260,1
29261,0
29262,0
29263,0
29264,0
29265,0
29266,1
29267,1
29268,0
29269,0
29270,0
29271,0
29272,0
29273,0
29274,0
29275,0
29276,0
29277,1
29278,0
29279,0
29280,0
29281,0
29282,0
29283,0
29284,0
29285,0
29286,0
29287,0
29288,0
29289,0
29290,1
29291,0
29292,0
29293,0
29294,0
29295,0
29296,0
29297,0
29298,0
29299,0
29300,1
29301,0
29302,0
29303,0
29304,0
29305,0
29306,0
29307,0
29308,0
29309,0
29310,0
29311,1
29312,1
29313,0
29314,0
29315,1
29316,1
29317,0
29318,0
29319,0
29320,0
29321,0
29322,0
29323,0
29324,0
29325,0
29326,0
29327,0
29328,0
29329,1
29330,1
29331,0
29332,0
29333,1
29334,0
29335,0
29336,0
29337,0
29338,0
29339,0
29340,0
29341,0
29342,0
29343,0
29344,0
29345,0
29346,0
29347,1
29348,1
29349,0
29350,1
29351,0
29352,0
29353,0
29354,0
29355,0
29356,0
29357,0
29358,0
29359,0
29360,0
29361,0
29362,0
29363,0
29364,0
29365,0
29366,0
29367,0
29368,0
29369,0
29370,0
29371,0
29372,1
29373,1
29374,0
29375,0
29376,0
29377,1
29378,0
29379,1
29380,0
29381,1
29382,0
29383,0
29384,0
29385,0
29386,0
29387,0
29388,0
29389,1
29390,1
29391,0
29392,0
29393,0
29394,0
29395,0
29396,0
29397,0
29398,1
29399,1
29400,0
29401,0
29402,1
29403,0
29404,1
29405,0
29406,0
29407,0
29408,0
29409,0
29410,0
29411,0
29412,1
29413,0
29414,1
29415,0
29416,0
29417,0
29418,0
29419,0
29420,0
29421,0
29422,0
29423,0
29424,0
29425,0
29426,1
29427,0
29428,0
29429,0
29430,0
29431,0
29432,1
29433,0
29434,1
29435,1
29436,0
29437,1
29438,0
29439,0
29440,1
29441,0
29442,0
29443,0
29444,0
29445,0
29446,0
29447,0
29448,0
29449,0
29450,0
29451,0
29452,0
29453,0
29454,0
29455,0
29456,1
29457,0
29458,1
29459,0
29460,0
29461,1
29462,1
29463,0
29464,0
29465,0
29466,0
29467,0
29468,0
29469,1
29470,0
29471,0
29472,0
29473,0
29474,0
29475,0
29476,0
29477,0
29478,0
29479,0
29480,1
29481,1
29482,0
29483,1
29484,0
29485,0
29486,0
29487,0
29488,0
29489,0
29490,0
29491,0
29492,0
29493,0
29494,1
29495,0
29496,0
29497,0
29498,0
29499,0
29500,0
29501,0
29502,0
29503,0
29504,1
29505,0
29506,0
29507,0
29508,0
29509,0
29510,0
29511,0
29512,0
29513,0
29514,0
29515,0
29516,0
29517,1
29518,0
29519,1
29520,0
29521,0
29522,1
29523,0
29524,0
29525,0
29526,0
29527,0
29528,0
29529,0
29530,1
29531,0
29532,0
29533,0
29534,0
29535,0
29536,1
29537,0
29538,0
29539,0
29540,0
29541,0
29542,0
29543,0
29544,0
29545,0
29546,0
29547,0
29548,1
29549,1
29550,0
29551,1
29552,0
29553,0
29554,0
29555,0
29556,0
29557,1
29558,1
29559,0
29560,1
29561,0
29562,0
29563,0
29564,0
29565,0
29566,0
29567,0
29568,0
29569,0
29570,0
29571,0
29572,0
29573,0
29574,0
29575,1
29576,0
29577,1
29578,0
29579,0
29580,0
29581,0
29582,0
29583,1
29584,0
29585,1
29586,0
29587,0
29588,0
29589,0
29590,1
29591,0
29592,0
29593,0
29594,0
29595,0
29596,0
29597,0
29598,0
29599,0
29600,0
29601,0
29602,0
29603,0
29604,1
29605,1
29606,0
29607,0
29608,0
29609,1
29610,0
29611,0
29612,0
29613,1
29614,0
29615,1
29616,1
29617,0
29618,1
29619,0
29620,0
29621,0
29622,1
29623,0
29624,0
29625,1
29626,0
29627,0
29628,1
29629,0
29630,0
29631,0
29632,0
29633,0
29634,1
29635,0
29636,0
29637,1
29638,0
29639,0
29640,0
29641,0
29642,0
29643,1
29644,0
29645,1
29646,1
29647,0
29648,0
29649,0
29650,0
29651,1
29652,0
29653,0
29654,0
29655,0
29656,0
29657,0
29658,0
29659,0
29660,0
29661,0
29662,0
29663,0
29664,0
29665,1
29666,0
29667,0
29668,0
29669,1
29670,1
29671,0
29672,0
29673,0
29674,0
29675,0
29676,0
29677,0
29678,0
29679,0
29680,0
29681,0
29682,0
29683,0
29684,0
29685,0
29686,0
29687,0
29688,0
29689,1
29690,0
29691,0
29692,1
29693,0
29694,0
29695,0
29696,1
29697,0
29698,1
29699,0
29700,0
29701,1
29702,0
29703,0
29704,0
29705,0
29706,0
29707,0
29708,0
29709,1
29710,0
29711,0
29712,0
29713,0
29714,0
29715,0
29716,0
29717,0
29718,0
29719,0
29720,0
29721,0
29722,0
29723,0
29724,0
29725,0
29726,0
29727,0
29728,0
29729,1
29730,0
29731,0
29732,0
29733,0
29734,0
29735,0
29736,1
29737,1
29738,0
29739,0
29740,0
29741,0
29742,1
29743,0
29744,0
29745,0
29746,0
29747,0
29748,1
29749,0
29750,0
29751,0
29752,0
29753,1
29754,0
29755,0
29756,0
29757,0
29758,0
29759,1
29760,1
29761,0
29762,0
29763,0
29764,0
29765,0
29766,0
29767,0
29768,0
29769,1
29770,0
29771,0
29772,1
29773,0
29774,0
29775,0
29776,0
29777,0
29778,0
29779,0
29780,0
29781,0
29782,0
29783,0
29784,0
29785,0
29786,1
29787,0
29788,0
29789,0
29790,0
29791,0
29792,0
29793,0
29794,0
29795,0
29796,0
29797,0
29798,0
29799,0
29800,0
29801,1
29802,0
29803,0
29804,1
29805,0
29806,1
29807,0
29808,0
29809,0
29810,0
29811,1
29812,0
29813,0
29814,0
29815,1
29816,0
29817,0
29818,0
29819,1
29820,0
29821,0
29822,0
29823,0
29824,0
29825,0
29826,0
29827,0
29828,0
29829,0
29830,0
29831,0
29832,0
29833,0
29834,1
29835,0
29836,1
29837,0
29838,0
29839,1
29840,0
29841,0
29842,0
29843,0
29844,0
29845,0
29846,0
29847,1
29848,1
29849,0
29850,0
29851,0
29852,1
29853,1
29854,0
29855,0
29856,0
29857,0
29858,0
29859,0
29860,1
29861,0
29862,0
29863,0
29864,1
29865,0
29866,0
29867,0
29868,0
29869,1
29870,0
29871,0
29872,0
29873,0
29874,1
29875,0
29876,0
29877,0
29878,0
29879,0
29880,1
29881,0
29882,1
29883,0
29884,0
29885,0
29886,0
29887,0
29888,1
29889,0
29890,0
29891,0
29892,0
29893,0
29894,0
29895,0
29896,0
29897,0
29898,0
29899,1
29900,0
29901,0
29902,0
29903,0
29904,0
29905,0
29906,0
29907,0
29908,0
29909,0
29910,0
29911,0
29912,0
29913,0
29914,1
29915,1
29916,0
29917,0
29918,0
29919,0
29920,0
29921,0
29922,1
29923,0
29924,0
29925,1
29926,1
29927,0
29928,0
29929,0
29930,1
29931,0
29932,0
29933,0
29934,0
29935,0
29936,0
29937,0
29938,0
29939,1
29940,1
29941,0
29942,0
29943,0
29944,0
29945,0
29946,0
29947,0
29948,0
29949,1
29950,0
29951,0
29952,0
29953,1
29954,0
29955,0
29956,0
29957,0
29958,1
29959,0
29960,0
29961,0
29962,1
29963,0
29964,0
29965,0
29966,0
29967,0
29968,0
29969,1
29970,0
29971,0
29972,0
29973,1
29974,0
29975,0
29976,0
29977,0
29978,0
29979,0
29980,1
29981,1
29982,0
29983,0
29984,0
29985,0
29986,0
29987,0
29988,0
29989,0
29990,0
29991,0
29992,1
29993,0
29994,0
29995,0
29996,0
29997,1
29998,0
29999,0
30000,0
30001,0
30002,0
30003,0
30004,1
30005,0
30006,1
30007,0
30008,0
30009,0
30010,0
30011,0
30012,0
30013,0
30014,0
30015,0
30016,0
30017,0
30018,0
30019,0
30020,0
30021,0
30022,0
30023,0
30024,1
30025,0
30026,0
30027,0
30028,0
30029,0
30030,0
30031,0
30032,0
30033,0
30034,0
30035,0
30036,0
30037,0
30038,0
30039,1
30040,0
30041,0
30042,0
30043,1
30044,0
30045,0
30046,0
30047,1
30048,0
30049,0
30050,0
30051,0
30052,0
30053,0
30054,0
30055,0
30056,1
30057,0
30058,0
30059,0
30060,0
30061,0
30062,1
30063,1
30064,0
30065,0
30066,0
30067,0
30068,1
30069,0
30070,0
30071,1
30072,0
30073,1
30074,0
30075,1
30076,0
30077,0
30078,0
30079,0
30080,0
30081,0
30082,0
30083,1
30084,0
30085,0
30086,1
30087,0
30088,0
30089,0
30090,0
30091,1
30092,0
30093,0
30094,0
30095,0
30096,0
30097,0
30098,0
30099,0
30100,0
30101,0
30102,0
30103,0
30104,0
30105,1
30106,0
30107,0
30108,0
30109,0
30110,0
30111,0
30112,1
30113,0
30114,0
30115,0
30116,1
30117,0
30118,0
30119,0
30120,0
30121,1
30122,1
30123,0
30124,0
30125,0
30126,0
30127,0
30128,1
30129,0
30130,0
30131,0
30132,0
30133,0
30134,0
30135,0
30136,0
30137,0
30138,0
30139,1
30140,0
30141,1
30142,0
30143,0
30144,1
30145,0
30146,0
30147,0
30148,0
30149,0
30150,0
30151,0
30152,0
30153,0
30154,0
30155,0
30156,1
30157,0
30158,0
30159,1
30160,0
30161,0
30162,0
30163,0
30164,0
30165,0
30166,0
30167,0
30168,0
30169,0
30170,0
30171,0
30172,1
30173,0
30174,0
30175,0
30176,0
30177,0
30178,1
30179,0
30180,0
30181,0
30182,0
30183,0
30184,0
30185,0
30186,0
30187,0
30188,0
30189,0
30190,0
30191,0
30192,1
30193,0
30194,0
30195,0
30196,1
30197,0
30198,0
30199,1
30200,0
30201,0
30202,0
30203,1
30204,0
30205,0
30206,0
30207,0
30208,0
30209,0
30210,0
30211,1
30212,0
30213,0
30214,1
30215,0
30216,0
30217,0
30218,0
30219,0
30220,0
30221,0
30222,1
30223,0
30224,0
30225,0
30226,0
30227,0
30228,1
30229,0
30230,0
30231,1
30232,1
30233,1
30234,0
30235,1
30236,0
30237,1
30238,0
30239,0
30240,0
30241,0
30242,0
30243,0
30244,0
30245,0
30246,1
30247,1
30248,1
30249,0
30250,0
30251,0
30252,0
30253,0
30254,0
30255,0
30256,1
30257,0
30258,0
30259,0
30260,0
30261,0
30262,0
30263,0
30264,0
30265,1
30266,1
30267,0
30268,0
30269,0
30270,1
30271,0
30272,0
30273,0
30274,0
30275,0
30276,0
30277,0
30278,0
30279,0
30280,0
30281,0
30282,0
30283,1
30284,0
30285,0
30286,0
30287,1
30288,0
30289,1
30290,0
30291,0
30292,0
30293,0
30294,0
30295,0
30296,0
30297,0
30298,0
30299,0
30300,0
30301,0
30302,0
30303,0
30304,0
30305,0
30306,1
30307,1
30308,0
30309,0
30310,0
30311,0
30312,0
30313,0
30314,0
30315,0
30316,0
30317,0
30318,0
30319,0
30320,0
30321,0
30322,0
30323,0
30324,0
30325,1
30326,0
30327,0
30328,1
30329,0
30330,0
30331,1
30332,0
30333,1
30334,1
30335,0
30336,0
30337,0
30338,0
30339,0
30340,1
30341,0
30342,1
30343,0
30344,0
30345,1
30346,1
30347,0
30348,0
30349,1
30350,1
30351,0
30352,1
30353,0
30354,1
30355,0
30356,0
30357,0
30358,0
30359,0
30360,0
30361,0
30362,1
30363,0
30364,0
30365,1
30366,0
30367,1
30368,0
30369,0
30370,0
30371,0
30372,0
30373,0
30374,0
30375,0
30376,0
30377,0
30378,0
30379,0
30380,0
30381,0
30382,0
30383,0
30384,0
30385,0
30386,0
30387,0
30388,0
30389,0
30390,1
30391,0
30392,1
30393,0
30394,0
30395,0
30396,1
30397,0
30398,0
30399,1
30400,0
30401,0
30402,0
30403,0
30404,1
30405,0
30406,0
30407,0
30408,0
30409,0
30410,1
30411,0
30412,0
30413,0
30414,0
30415,0
30416,0
30417,0
30418,1
30419,0
30420,0
30421,0
30422,0
30423,0
30424,0
30425,0
30426,1
30427,0
30428,0
30429,0
30430,0
30431,0
30432,0
30433,0
30434,0
30435,0
30436,0
30437,0
30438,0
30439,1
30440,0
30441,0
30442,1
30443,1
30444,1
30445,0
30446,0
30447,0
30448,0
30449,0
30450,0
30451,0
30452,0
30453,0
30454,0
30455,1
30456,0
30457,0
30458,1
30459,1
30460,0
30461,1
30462,1
30463,0
30464,1
30465,0
30466,0
30467,0
30468,0
30469,0
30470,0
30471,0
30472,0
30473,0
30474,0
30475,0
30476,0
30477,0
30478,0
30479,0
30480,1
30481,1
30482,0
30483,0
30484,0
30485,1
30486,0
30487,0
30488,0
30489,0
30490,0
30491,0
30492,1
30493,0
30494,0
30495,1
30496,0
30497,1
30498,0
30499,0
30500,0
30501,0
30502,0
30503,0
30504,0
30505,1
30506,1
30507,1
30508,0
30509,0
30510,0
30511,0
30512,0
30513,1
30514,0
30515,0
30516,0
30517,0
30518,1
30519,0
30520,0
30521,1
30522,0
30523,1
30524,0
30525,0
30526,0
30527,0
30528,0
30529,1
30530,0
30531,0
30532,0
30533,0
30534,0
30535,0
30536,0
30537,1
30538,0
30539,0
30540,0
30541,1
30542,1
30543,1
30544,1
30545,1
30546,0
30547,0
30548,0
30549,0
30550,0
30551,0
30552,0
30553,0
30554,0
30555,0
30556,0
30557,0
30558,0
30559,0
30560,0
30561,0
30562,0
30563,0
30564,0
30565,0
30566,0
30567,0
30568,0
30569,0
30570,1
30571,0
30572,0
30573,0
30574,0
30575,0
30576,1
30577,0
30578,0
30579,1
30580,1
30581,0
30582,0
30583,0
30584,1
30585,0
30586,1
30587,1
30588,0
30589,0
30590,0
30591,0
30592,0
30593,0
30594,0
30595,0
30596,0
30597,0
30598,1
30599,0
30600,1
30601,0
30602,1
30603,0
30604,0
30605,0
30606,0
30607,0
30608,1
30609,1
30610,1
30611,0
30612,0
30613,0
30614,0
30615,0
30616,0
30617,0
30618,0
30619,0
30620,0
30621,0
30622,0
30623,0
30624,0
30625,0
30626,1
30627,1
30628,0
30629,0
30630,1
30631,0
30632,0
30633,1
30634,0
30635,0
30636,1
30637,0
30638,1
30639,0
30640,0
30641,0
30642,0
30643,1
30644,0
30645,0
30646,1
30647,0
30648,0
30649,0
30650,0
30651,0
30652,0
30653,0
30654,0
30655,0
30656,0
30657,0
30658,0
30659,0
30660,0
30661,0
30662,0
30663,1
30664,0
30665,1
30666,0
30667,0
30668,1
30669,0
30670,0
30671,1
30672,0
30673,0
30674,0
30675,0
30676,0
30677,0
30678,0
30679,1
30680,0
30681,0
30682,0
30683,0
30684,1
30685,1
30686,0
30687,1
30688,0
30689,0
30690,0
30691,0
30692,0
30693,0
30694,0
30695,0
30696,0
30697,0
30698,0
30699,0
30700,0
30701,0
30702,0
30703,0
30704,0
30705,0
30706,0
30707,0
30708,0
30709,0
30710,0
30711,0
30712,1
30713,1
30714,0
30715,0
30716,1
30717,0
30718,0
30719,1
30720,1
30721,0
30722,0
30723,0
30724,1
30725,0
30726,0
30727,0
30728,0
30729,0
30730,0
30731,0
30732,0
30733,0
30734,0
30735,0
30736,0
30737,0
30738,0
30739,0
30740,0
30741,0
30742,0
30743,0
30744,0
30745,0
30746,0
30747,0
30748,1
30749,0
30750,0
30751,0
30752,0
30753,0
30754,1
30755,1
30756,0
30757,0
30758,0
30759,0
30760,0
30761,0
30762,1
30763,0
30764,1
30765,0
30766,1
30767,0
30768,0
30769,0
30770,1
30771,0
30772,0
30773,0
30774,0
30775,0
30776,1
30777,0
30778,0
30779,0
30780,0
30781,0
30782,0
30783,0
30784,1
30785,0
30786,0
30787,0
30788,0
30789,0
30790,0
30791,0
30792,0
30793,0
30794,0
30795,0
30796,0
30797,0
30798,1
30799,0
30800,0
30801,0
30802,0
30803,0
30804,0
30805,0
30806,0
30807,1
30808,0
30809,0
30810,1
30811,0
30812,0
30813,0
30814,0
30815,0
30816,0
30817,0
30818,0
30819,1
30820,0
30821,0
30822,0
30823,0
30824,1
30825,0
30826,0
30827,0
30828,0
30829,0
30830,1
30831,0
30832,0
30833,0
30834,0
30835,1
30836,0
30837,0
30838,0
30839,1
30840,0
30841,0
30842,0
30843,0
30844,1
30845,0
30846,1
30847,0
30848,0
30849,1
30850,0
30851,0
30852,0
30853,0
30854,0
30855,0
30856,0
30857,0
30858,0
30859,0
30860,0
30861,1
30862,0
30863,0
30864,0
30865,0
30866,0
30867,1
30868,0
30869,0
30870,0
30871,0
30872,0
30873,0
30874,0
30875,1
30876,0
30877,0
30878,0
30879,1
30880,1
30881,0
30882,0
30883,0
30884,0
30885,0
30886,0
30887,0
30888,0
30889,0
30890,0
30891,0
30892,0
30893,0
30894,1
30895,1
30896,0
30897,0
30898,0
30899,0
30900,0
30901,0
30902,0
30903,0
30904,0
30905,0
30906,1
30907,0
30908,1
30909,1
30910,0
30911,1
30912,0
30913,0
30914,1
30915,0
30916,0
30917,0
30918,0
30919,1
30920,0
30921,0
30922,0
30923,0
30924,1
30925,1
30926,0
30927,0
30928,1
30929,0
30930,1
30931,0
30932,1
30933,0
30934,1
30935,1
30936,0
30937,0
30938,0
30939,0
30940,1
30941,0
30942,1
30943,0
30944,1
30945,0
30946,0
30947,0
30948,0
30949,1
30950,0
30951,0
30952,1
30953,1
30954,1
30955,1
30956,0
30957,0
30958,0
30959,1
30960,0
30961,1
30962,0
30963,0
30964,0
30965,1
30966,0
30967,0
30968,0
30969,0
30970,0
30971,0
30972,1
30973,0
30974,0
30975,0
30976,0
30977,0
30978,0
30979,0
30980,1
30981,1
30982,0
30983,0
30984,1
30985,1
30986,0
30987,0
30988,1
30989,0
30990,0
30991,0
30992,0
30993,0
30994,0
30995,0
30996,0
30997,0
30998,0
30999,1
31000,0
31001,0
31002,0
31003,0
31004,0
31005,0
31006,1
31007,0
31008,1
31009,0
31010,0
31011,0
31012,0
31013,0
31014,0
31015,0
31016,0
31017,1
31018,0
31019,0
31020,1
31021,0
31022,1
31023,0
31024,0
31025,1
31026,0
31027,0
31028,0
31029,0
31030,0
31031,0
31032,0
31033,0
31034,0
31035,0
31036,0
31037,0
31038,0
31039,0
31040,0
31041,0
31042,0
31043,0
31044,0
31045,0
31046,0
31047,0
31048,0
31049,0
31050,1
31051,0
31052,0
31053,0
31054,0
31055,0
31056,0
31057,0
31058,0
31059,0
31060,0
31061,0
31062,0
31063,0
31064,1
31065,1
31066,0
31067,0
31068,0
31069,0
31070,0
31071,0
31072,0
31073,0
31074,0
31075,0
31076,0
31077,0
31078,0
31079,0
31080,1
31081,1
31082,0
31083,0
31084,0
31085,0
31086,1
31087,0
31088,0
31089,0
31090,0
31091,1
31092,0
31093,0
31094,0
31095,0
31096,0
31097,1
31098,0
31099,1
31100,0
31101,1
31102,0
31103,0
31104,0
31105,0
31106,1
31107,0
31108,0
31109,0
31110,0
31111,0
31112,0
31113,1
31114,0
31115,1
31116,0
31117,0
31118,0
31119,0
31120,0
31121,0
31122,0
31123,0
31124,0
31125,1
31126,0
31127,0
31128,0
31129,0
31130,0
31131,0
31132,0
31133,0
31134,0
31135,0
31136,0
31137,0
31138,0
31139,0
31140,0
31141,0
31142,0
31143,0
31144,0
31145,0
31146,0
31147,0
31148,0
31149,1
31150,1
31151,0
31152,0
31153,0
31154,0
31155,0
31156,0
31157,0
31158,0
31159,0
31160,1
31161,0
31162,0
31163,0
31164,1
31165,0
31166,0
31167,0
31168,0
31169,0
31170,0
31171,1
31172,0
31173,1
31174,0
31175,1
31176,0
31177,0
31178,0
31179,1
31180,0
31181,0
31182,0
31183,0
31184,1
31185,0
31186,1
31187,0
31188,0
31189,1
31190,1
31191,0
31192,0
31193,0
31194,0
31195,0
31196,0
31197,1
31198,1
31199,1
31200,1
31201,1
31202,0
31203,0
31204,1
31205,0
31206,1
31207,0
31208,0
31209,1
31210,0
31211,0
31212,0
31213,0
31214,1
31215,0
31216,0
31217,0
31218,1
31219,0
31220,0
31221,0
31222,0
31223,0
31224,0
31225,0
31226,0
31227,1
31228,0
31229,1
31230,0
31231,0
31232,0
31233,1
31234,0
31235,0
31236,0
31237,0
31238,1
31239,0
31240,0
31241,0
31242,0
31243,0
31244,0
31245,0
31246,0
31247,1
31248,1
31249,0
31250,0
31251,0
31252,0
31253,0
31254,0
31255,0
31256,0
31257,0
31258,0
31259,0
31260,0
31261,0
31262,0
31263,0
31264,0
31265,0
31266,0
31267,0
31268,0
31269,0
31270,0
31271,0
31272,0
31273,0
31274,0
31275,0
31276,0
31277,0
31278,1
31279,1
31280,0
31281,0
31282,0
31283,0
31284,0
31285,0
31286,0
31287,0
31288,1
31289,0
31290,0
31291,0
31292,0
31293,0
31294,1
31295,0
31296,0
31297,0
31298,1
31299,0
31300,0
31301,1
31302,0
31303,0
31304,0
31305,0
31306,0
31307,0
31308,0
31309,0
31310,0
31311,0
31312,0
31313,0
31314,0
31315,0
31316,0
31317,0
31318,0
31319,0
31320,1
31321,0
31322,0
31323,0
31324,0
31325,0
31326,1
31327,0
31328,0
31329,0
31330,0
31331,0
31332,1
31333,0
31334,1
31335,0
31336,0
31337,0
31338,1
31339,0
31340,1
31341,0
31342,0
31343,1
31344,0
31345,0
31346,1
31347,0
31348,0
31349,0
31350,1
31351,0
31352,0
31353,0
31354,0
31355,1
31356,0
31357,1
31358,0
31359,0
31360,1
31361,0
31362,0
31363,0
31364,0
31365,0
31366,0
31367,0
31368,0
31369,0
31370,0
31371,0
31372,0
31373,0
31374,0
31375,0
31376,0
31377,0
31378,0
31379,1
31380,1
31381,0
31382,0
31383,0
31384,0
31385,0
31386,0
31387,0
31388,0
31389,0
31390,0
31391,0
31392,1
31393,1
31394,0
31395,0
31396,0
31397,1
31398,0
31399,0
31400,1
31401,0
31402,1
31403,0
31404,0
31405,0
31406,0
31407,1
31408,0
31409,0
31410,0
31411,0
31412,0
31413,0
31414,0
31415,0
31416,0
31417,0
31418,0
31419,1
31420,0
31421,0
31422,0
31423,0
31424,0
31425,0
31426,0
31427,1
31428,0
31429,0
31430,1
31431,0
31432,0
31433,1
31434,0
31435,0
31436,0
31437,1
31438,1
31439,1
31440,0
31441,1
31442,0
31443,0
31444,0
31445,0
31446,0
31447,0
31448,0
31449,0
31450,1
31451,0
31452,0
31453,0
31454,1
31455,0
31456,0
31457,0
31458,1
31459,0
31460,0
31461,0
31462,0
31463,1
31464,0
31465,0
31466,0
31467,0
31468,0
31469,0
31470,0
31471,0
31472,0
31473,0
31474,0
31475,0
31476,0
31477,0
31478,0
31479,0
31480,0
31481,1
31482,1
31483,0
31484,0
31485,0
31486,0
31487,1
31488,0
31489,0
31490,0
31491,0
31492,0
31493,0
31494,1
31495,0
31496,0
31497,0
31498,0
31499,1
31500,0
31501,0
31502,0
31503,0
31504,0
31505,0
31506,0
31507,1
31508,0
31509,0
31510,1
31511,0
31512,0
31513,0
31514,0
31515,1
31516,0
31517,0
31518,0
31519,0
31520,0
31521,1
31522,0
31523,1
31524,1
31525,0
31526,0
31527,0
31528,0
31529,0
31530,0
31531,0
31532,0
31533,0
31534,0
31535,0
31536,0
31537,0
31538,0
31539,0
31540,0
31541,0
31542,0
31543,0
31544,1
31545,0
31546,0
31547,0
31548,1
31549,0
31550,0
31551,0
31552,0
31553,0
31554,0
31555,0
31556,0
31557,0
31558,0
31559,0
31560,0
31561,0
31562,0
31563,1
31564,0
31565,0
31566,0
31567,1
31568,0
31569,0
31570,0
31571,0
31572,0
31573,0
31574,0
31575,1
31576,0
31577,0
31578,0
31579,0
31580,1
31581,0
31582,0
31583,0
31584,0
31585,0
31586,1
31587,0
31588,0
31589,1
31590,0
31591,0
31592,0
31593,1
31594,0
31595,0
31596,0
31597,0
31598,0
31599,1
31600,0
31601,0
31602,0
31603,0
31604,0
31605,0
31606,0
31607,0
31608,0
31609,0
31610,0
31611,0
31612,0
31613,0
31614,0
31615,0
31616,0
31617,1
31618,1
31619,0
31620,0
31621,0
31622,1
31623,0
31624,1
31625,0
31626,0
31627,0
31628,1
31629,0
31630,0
31631,0
31632,0
31633,0
31634,0
31635,0
31636,1
31637,0
31638,0
31639,0
31640,1
31641,1
31642,0
31643,0
31644,0
31645,0
31646,0
31647,0
31648,0
31649,0
31650,1
31651,0
31652,0
31653,0
31654,0
31655,0
31656,0
31657,1
31658,1
31659,1
31660,0
31661,0
31662,0
31663,0
31664,0
31665,0
31666,0
31667,0
31668,1
31669,0
31670,0
31671,0
31672,0
31673,0
31674,0
31675,0
31676,0
31677,1
31678,0
31679,0
31680,1
31681,0
31682,0
31683,1
31684,0
31685,0
31686,0
31687,0
31688,0
31689,0
31690,0
31691,0
31692,0
31693,0
31694,1
31695,0
31696,1
31697,0
31698,1
31699,0
31700,0
31701,0
31702,0
31703,0
31704,0
31705,0
31706,0
31707,1
31708,0
31709,0
31710,0
31711,0
31712,0
31713,0
31714,0
31715,1
31716,1
31717,1
31718,0
31719,0
31720,0
31721,0
31722,0
31723,0
31724,0
31725,0
31726,0
31727,0
31728,0
31729,1
31730,1
31731,0
31732,0
31733,0
31734,0
31735,0
31736,0
31737,1
31738,0
31739,1
31740,0
31741,0
31742,1
31743,0
31744,1
31745,0
31746,0
31747,0
31748,1
31749,1
31750,0
31751,0
31752,1
31753,0
31754,0
31755,0
31756,0
31757,0
31758,1
31759,0
31760,0
31761,0
31762,0
31763,0
31764,1
31765,0
31766,0
31767,0
31768,0
31769,0
31770,1
31771,0
31772,0
31773,1
31774,0
31775,0
31776,1
31777,1
31778,0
31779,0
31780,1
31781,0
31782,0
31783,0
31784,0
31785,0
31786,0
31787,0
31788,0
31789,0
31790,0
31791,0
31792,0
31793,0
31794,1
31795,0
31796,0
31797,0
31798,0
31799,1
31800,1
31801,0
31802,1
31803,0
31804,0
31805,0
31806,0
31807,0
31808,0
31809,0
31810,0
31811,0
31812,0
31813,0
31814,0
31815,1
31816,0
31817,1
31818,0
31819,0
31820,0
31821,0
31822,0
31823,0
31824,0
31825,0
31826,0
31827,0
31828,0
31829,0
31830,0
31831,0
31832,0
31833,0
31834,1
31835,0
31836,0
31837,0
31838,1
31839,0
31840,1
31841,0
31842,0
31843,0
31844,0
31845,0
31846,1
31847,0
31848,0
31849,0
31850,1
31851,0
31852,0
31853,0
31854,0
31855,1
31856,0
31857,0
31858,0
31859,0
31860,0
31861,0
31862,0
31863,0
31864,0
31865,1
31866,0
31867,0
31868,0
31869,0
31870,0
31871,1
31872,0
31873,0
31874,0
31875,0
31876,0
31877,0
31878,1
31879,1
31880,1
31881,0
31882,0
31883,0
31884,0
31885,1
31886,0
31887,0
31888,0
31889,0
31890,1
31891,1
31892,0
31893,0
31894,0
31895,0
31896,0
31897,0
31898,0
31899,1
31900,0
31901,1
31902,0
31903,0
31904,1
31905,1
31906,1
31907,0
31908,0
31909,0
31910,0
31911,1
31912,0
31913,0
31914,1
31915,0
31916,0
31917,0
31918,0
31919,0
31920,0
31921,1
31922,0
31923,0
31924,0
31925,0
31926,0
31927,0
31928,0
31929,0
31930,1
31931,1
31932,0
31933,0
31934,0
31935,1
31936,0
31937,0
31938,0
31939,0
31940,1
31941,0
31942,0
31943,0
31944,0
31945,0
31946,1
31947,0
31948,0
31949,0
31950,0
31951,0
31952,0
31953,1
31954,0
31955,0
31956,0
31957,0
31958,0
31959,1
31960,1
31961,0
31962,0
31963,0
31964,0
31965,0
31966,0
31967,0
31968,0
31969,0
31970,0
31971,0
31972,0
31973,0
31974,0
31975,0
31976,0
31977,0
31978,1
31979,1
31980,1
31981,0
31982,0
31983,0
31984,0
31985,0
31986,0
31987,1
31988,1
31989,1
31990,0
31991,0
31992,0
31993,1
31994,0
31995,1
31996,0
31997,0
31998,1
31999,0
32000,0
32001,0
32002,1
32003,0
32004,0
32005,0
32006,0
32007,0
32008,1
32009,0
32010,0
32011,0
32012,0
32013,0
32014,0
32015,1
32016,0
32017,0
32018,0
32019,0
32020,0
32021,0
32022,0
32023,0
32024,0
32025,0
32026,0
32027,0
32028,0
32029,0
32030,0
32031,0
32032,0
32033,1
32034,0
32035,0
32036,0
32037,0
32038,0
32039,0
32040,0
32041,0
32042,0
32043,1
32044,0
32045,0
32046,1
32047,0
32048,0
32049,0
32050,0
32051,0
32052,0
32053,0
32054,0
32055,1
32056,0
32057,0
32058,0
32059,0
32060,0
32061,0
32062,1
32063,1
32064,0
32065,0
32066,0
32067,1
32068,0
32069,0
32070,0
32071,1
32072,0
32073,0
32074,0
32075,0
32076,1
32077,0
32078,0
32079,1
32080,0
32081,0
32082,0
32083,1
32084,0
32085,0
32086,0
32087,1
32088,0
32089,0
32090,0
32091,0
32092,0
32093,1
32094,1
32095,0
32096,0
32097,0
32098,0
32099,0
32100,0
32101,0
32102,0
32103,0
32104,0
32105,0
32106,1
32107,0
32108,0
32109,0
32110,0
32111,0
32112,0
32113,0
32114,0
32115,0
32116,0
32117,0
32118,0
32119,0
32120,0
32121,0
32122,0
32123,0
32124,0
32125,0
32126,0
32127,0
32128,0
32129,0
32130,0
32131,0
32132,0
32133,1
32134,0
32135,1
32136,1
32137,0
32138,0
32139,0
32140,0
32141,0
32142,0
32143,0
32144,1
32145,0
32146,0
32147,1
32148,0
32149,0
32150,0
32151,0
32152,0
32153,1
32154,0
32155,0
32156,0
32157,1
32158,0
32159,1
32160,0
32161,0
32162,0
32163,0
32164,0
32165,0
32166,0
32167,0
32168,1
32169,1
32170,1
32171,0
32172,0
32173,0
32174,0
32175,0
32176,0
32177,1
32178,1
32179,0
32180,0
32181,0
32182,0
32183,0
32184,0
32185,0
32186,0
32187,0
32188,0
32189,0
32190,0
32191,0
32192,1
32193,0
32194,0
32195,0
32196,0
32197,1
32198,0
32199,0
32200,0
32201,0
32202,0
32203,0
32204,0
32205,0
32206,0
32207,0
32208,0
32209,0
32210,0
32211,0
32212,0
32213,0
32214,0
32215,0
32216,0
32217,0
32218,0
32219,0
32220,0
32221,0
32222,0
32223,0
32224,0
32225,1
32226,0
32227,0
32228,0
32229,0
32230,0
32231,1
32232,0
32233,0
32234,1
32235,1
32236,0
32237,0
32238,1
32239,0
32240,0
32241,0
32242,0
32243,0
32244,1
32245,1
32246,0
32247,0
32248,1
32249,0
32250,0
32251,1
32252,0
32253,0
32254,0
32255,0
32256,0
32257,1
32258,0
32259,0
32260,0
32261,0
32262,0
32263,0
32264,0
32265,0
32266,1
32267,0
32268,0
32269,0
32270,1
32271,0
32272,0
32273,0
32274,0
32275,0
32276,0
32277,0
32278,1
32279,0
32280,0
32281,0
32282,0
32283,0
32284,1
32285,0
32286,1
32287,1
32288,1
32289,0
32290,1
32291,0
32292,1
32293,0
32294,0
32295,0
32296,1
32297,0
32298,0
32299,0
32300,0
32301,0
32302,0
32303,0
32304,1
32305,0
32306,0
32307,1
32308,0
32309,0
32310,1
32311,0
32312,0
32313,0
32314,1
32315,0
32316,0
32317,1
32318,0
32319,0
32320,1
32321,0
32322,0
32323,0
32324,0
32325,0
32326,0
32327,0
32328,0
32329,0
32330,1
32331,1
32332,1
32333,1
32334,0
32335,0
32336,0
32337,0
32338,0
32339,0
32340,0
32341,0
32342,0
32343,0
32344,0
32345,0
32346,1
32347,0
32348,0
32349,0
32350,0
32351,0
32352,0
32353,1
32354,0
32355,0
32356,0
32357,0
32358,0
32359,0
32360,0
32361,0
32362,1
32363,1
32364,0
32365,0
32366,0
32367,0
32368,0
32369,0
32370,1
32371,1
32372,0
32373,0
32374,0
32375,1
32376,0
32377,1
32378,1
32379,1
32380,0
32381,0
32382,0
32383,0
32384,0
32385,1
32386,1
32387,0
32388,0
32389,0
32390,0
32391,0
32392,0
32393,0
32394,0
32395,0
32396,0
32397,0
32398,0
32399,0
32400,0
32401,0
32402,0
32403,0
32404,0
32405,0
32406,0
32407,0
32408,0
32409,1
32410,1
32411,0
32412,0
32413,0
32414,0
32415,0
32416,0
32417,1
32418,0
32419,0
32420,0
32421,1
32422,0
32423,1
32424,0
32425,0
32426,0
32427,0
32428,0
32429,0
32430,0
32431,0
32432,0
32433,0
32434,0
32435,1
32436,0
32437,0
32438,0
32439,0
32440,0
32441,1
32442,0
32443,0
32444,1
32445,0
32446,0
32447,0
32448,0
32449,0
32450,0
32451,0
32452,1
32453,0
32454,0
32455,0
32456,0
32457,1
32458,0
32459,0
32460,0
32461,1
32462,0
32463,0
32464,0
32465,0
32466,0
32467,0
32468,0
32469,0
32470,0
32471,0
32472,0
32473,0
32474,0
32475,0
32476,1
32477,0
32478,0
32479,0
32480,0
32481,0
32482,1
32483,0
32484,1
32485,0
32486,0
32487,0
32488,0
32489,0
32490,1
32491,1
32492,0
32493,0
32494,0
32495,0
32496,0
32497,1
32498,0
32499,0
32500,0
32501,0
32502,1
32503,0
32504,1
32505,0
32506,1
32507,0
32508,1
32509,0
32510,0
32511,0
32512,0
32513,0
32514,0
32515,0
32516,1
32517,0
32518,0
32519,1
32520,0
32521,0
32522,1
32523,0
32524,0
32525,0
32526,1
32527,0
32528,0
32529,0
32530,0
32531,0
32532,0
32533,0
32534,0
32535,0
32536,0
32537,0
32538,0
32539,0
32540,0
32541,0
32542,0
32543,0
32544,0
32545,0
32546,0
32547,0
32548,0
32549,1
32550,0
32551,0
32552,1
32553,0
32554,0
32555,0
32556,1
32557,0
32558,0
32559,0
32560,0
